{"mmm038": {"username": "mmm038", "password": "111111", "id": 1954, "characterId": 1000040}, "mmm039": {"username": "mmm039", "password": "111111", "id": 1955, "characterId": 1000041}, "mmm036": {"username": "mmm036", "password": "111111", "id": 1952, "characterId": 1000038}, "mmm037": {"username": "mmm037", "password": "111111", "id": 1953, "characterId": 1000039}, "mmm034": {"username": "mmm034", "password": "111111", "id": 1950, "characterId": 1000036}, "test101": {"username": "test101", "password": "111111", "id": 1916, "characterId": 1000002}, "test106": {"username": "test106", "password": "111111", "id": 1915, "characterId": 1000001}, "mmm033": {"username": "mmm033", "password": "111111", "id": 1949, "characterId": 1000035}, "mmm030": {"username": "mmm030", "password": "111111", "id": 1946, "characterId": 1000032}, "mmm031": {"username": "mmm031", "password": "111111", "id": 1947, "characterId": 1000033}, "mmm049": {"username": "mmm049", "password": "111111", "id": 1965, "characterId": 1000051}, "mmm048": {"username": "mmm048", "password": "111111", "id": 1964, "characterId": 1000050}, "mmm043": {"username": "mmm043", "password": "111111", "id": 1959, "characterId": 1000045}, "mmm042": {"username": "mmm042", "password": "111111", "id": 1958, "characterId": 1000044}, "mmm041": {"username": "mmm041", "password": "111111", "id": 1957, "characterId": 1000043}, "mmm040": {"username": "mmm040", "password": "111111", "id": 1956, "characterId": 1000042}, "mmm047": {"username": "mmm047", "password": "111111", "id": 1963, "characterId": 1000049}, "mmm046": {"username": "mmm046", "password": "111111", "id": 1962, "characterId": 1000048}, "mmm045": {"username": "mmm045", "password": "111111", "id": 1961, "characterId": 1000047}, "mmm044": {"username": "mmm044", "password": "111111", "id": 1960, "characterId": 1000046}, "mmm035": {"username": "mmm035", "password": "111111", "id": 1951, "characterId": 1000037}, "mmm029": {"username": "mmm029", "password": "111111", "id": 1945, "characterId": 1000031}, "mmm028": {"username": "mmm028", "password": "111111", "id": 1944, "characterId": 1000030}, "mmm025": {"username": "mmm025", "password": "111111", "id": 1941, "characterId": 1000027}, "mmm024": {"username": "mmm024", "password": "111111", "id": 1940, "characterId": 1000026}, "mmm027": {"username": "mmm027", "password": "111111", "id": 1943, "characterId": 1000029}, "mmm026": {"username": "mmm026", "password": "111111", "id": 1942, "characterId": 1000028}, "mmm021": {"username": "mmm021", "password": "111111", "id": 1937, "characterId": 1000023}, "mmm020": {"username": "mmm020", "password": "111111", "id": 1936, "characterId": 1000022}, "mmm023": {"username": "mmm023", "password": "111111", "id": 1939, "characterId": 1000025}, "mmm022": {"username": "mmm022", "password": "111111", "id": 1938, "characterId": 1000024}, "mmm018": {"username": "mmm018", "password": "111111", "id": 1934, "characterId": 1000020}, "mmm019": {"username": "mmm019", "password": "111111", "id": 1935, "characterId": 1000021}, "mmm010": {"username": "mmm010", "password": "111111", "id": 1926, "characterId": 1000012}, "mmm011": {"username": "mmm011", "password": "111111", "id": 1927, "characterId": 1000013}, "mmm012": {"username": "mmm012", "password": "111111", "id": 1928, "characterId": 1000014}, "mmm013": {"username": "mmm013", "password": "111111", "id": 1929, "characterId": 1000015}, "mmm014": {"username": "mmm014", "password": "111111", "id": 1930, "characterId": 1000016}, "mmm015": {"username": "mmm015", "password": "111111", "id": 1931, "characterId": 1000017}, "mmm016": {"username": "mmm016", "password": "111111", "id": 1932, "characterId": 1000018}, "mmm017": {"username": "mmm017", "password": "111111", "id": 1933, "characterId": 1000019}, "mmm090": {"username": "mmm090", "password": "111111", "id": 2006, "characterId": 1000092}, "mmm091": {"username": "mmm091", "password": "111111", "id": 2007, "characterId": 1000093}, "mmm092": {"username": "mmm092", "password": "111111", "id": 2008, "characterId": 1000094}, "mmm093": {"username": "mmm093", "password": "111111", "id": 2009, "characterId": 1000095}, "mmm094": {"username": "mmm094", "password": "111111", "id": 2010, "characterId": 1000096}, "mmm095": {"username": "mmm095", "password": "111111", "id": 2011, "characterId": 1000097}, "mmm096": {"username": "mmm096", "password": "111111", "id": 2012, "characterId": 1000098}, "mmm097": {"username": "mmm097", "password": "111111", "id": 2013, "characterId": 1000099}, "mmm098": {"username": "mmm098", "password": "111111", "id": 2014, "characterId": 1000100}, "mmm099": {"username": "mmm099", "password": "111111", "id": 2015, "characterId": 1000101}, "mmm089": {"username": "mmm089", "password": "111111", "id": 2005, "characterId": 1000091}, "mmm088": {"username": "mmm088", "password": "111111", "id": 2004, "characterId": 1000090}, "mmm087": {"username": "mmm087", "password": "111111", "id": 2003, "characterId": 1000089}, "mmm086": {"username": "mmm086", "password": "111111", "id": 2002, "characterId": 1000088}, "mmm085": {"username": "mmm085", "password": "111111", "id": 2001, "characterId": 1000087}, "mmm084": {"username": "mmm084", "password": "111111", "id": 2000, "characterId": 1000086}, "mmm083": {"username": "mmm083", "password": "111111", "id": 1999, "characterId": 1000085}, "mmm082": {"username": "mmm082", "password": "111111", "id": 1998, "characterId": 1000084}, "mmm081": {"username": "mmm081", "password": "111111", "id": 1997, "characterId": 1000083}, "mmm080": {"username": "mmm080", "password": "111111", "id": 1996, "characterId": 1000082}, "mmm032": {"username": "mmm032", "password": "111111", "id": 1948, "characterId": 1000034}, "mmm007": {"username": "mmm007", "password": "111111", "id": 1923, "characterId": 1000009}, "mmm006": {"username": "mmm006", "password": "111111", "id": 1922, "characterId": 1000008}, "mmm005": {"username": "mmm005", "password": "111111", "id": 1921, "characterId": 1000007}, "mmm004": {"username": "mmm004", "password": "111111", "id": 1920, "characterId": 1000006}, "mmm003": {"username": "mmm003", "password": "111111", "id": 1919, "characterId": 1000005}, "mmm002": {"username": "mmm002", "password": "111111", "id": 1918, "characterId": 1000004}, "mmm001": {"username": "mmm001", "password": "111111", "id": 1917, "characterId": 1000003}, "mmm009": {"username": "mmm009", "password": "111111", "id": 1925, "characterId": 1000011}, "mmm008": {"username": "mmm008", "password": "111111", "id": 1924, "characterId": 1000010}, "mmm072": {"username": "mmm072", "password": "111111", "id": 1988, "characterId": 1000074}, "mmm073": {"username": "mmm073", "password": "111111", "id": 1989, "characterId": 1000075}, "mmm070": {"username": "mmm070", "password": "111111", "id": 1986, "characterId": 1000072}, "mmm071": {"username": "mmm071", "password": "111111", "id": 1987, "characterId": 1000073}, "mmm076": {"username": "mmm076", "password": "111111", "id": 1992, "characterId": 1000078}, "mmm077": {"username": "mmm077", "password": "111111", "id": 1993, "characterId": 1000079}, "mmm074": {"username": "mmm074", "password": "111111", "id": 1990, "characterId": 1000076}, "mmm075": {"username": "mmm075", "password": "111111", "id": 1991, "characterId": 1000077}, "mmm078": {"username": "mmm078", "password": "111111", "id": 1994, "characterId": 1000080}, "mmm079": {"username": "mmm079", "password": "111111", "id": 1995, "characterId": 1000081}, "mmm061": {"username": "mmm061", "password": "111111", "id": 1977, "characterId": 1000063}, "mmm060": {"username": "mmm060", "password": "111111", "id": 1976, "characterId": 1000062}, "mmm063": {"username": "mmm063", "password": "111111", "id": 1979, "characterId": 1000065}, "mmm062": {"username": "mmm062", "password": "111111", "id": 1978, "characterId": 1000064}, "mmm065": {"username": "mmm065", "password": "111111", "id": 1981, "characterId": 1000067}, "mmm064": {"username": "mmm064", "password": "111111", "id": 1980, "characterId": 1000066}, "mmm067": {"username": "mmm067", "password": "111111", "id": 1983, "characterId": 1000069}, "mmm066": {"username": "mmm066", "password": "111111", "id": 1982, "characterId": 1000068}, "mmm069": {"username": "mmm069", "password": "111111", "id": 1985, "characterId": 1000071}, "mmm068": {"username": "mmm068", "password": "111111", "id": 1984, "characterId": 1000070}, "mmm058": {"username": "mmm058", "password": "111111", "id": 1974, "characterId": 1000060}, "mmm059": {"username": "mmm059", "password": "111111", "id": 1975, "characterId": 1000061}, "mmm054": {"username": "mmm054", "password": "111111", "id": 1970, "characterId": 1000056}, "mmm055": {"username": "mmm055", "password": "111111", "id": 1971, "characterId": 1000057}, "mmm056": {"username": "mmm056", "password": "111111", "id": 1972, "characterId": 1000058}, "mmm057": {"username": "mmm057", "password": "111111", "id": 1973, "characterId": 1000059}, "mmm050": {"username": "mmm050", "password": "111111", "id": 1966, "characterId": 1000052}, "mmm051": {"username": "mmm051", "password": "111111", "id": 1967, "characterId": 1000053}, "mmm052": {"username": "mmm052", "password": "111111", "id": 1968, "characterId": 1000054}, "mmm053": {"username": "mmm053", "password": "111111", "id": 1969, "characterId": 1000055}}